Đối tác,Số dự án cấp mới,Vốn đăng ký cấp mới (triệu USD),Số lượt dự án điều chỉnh,Vốn đăng ký điều chỉnh (triệu USD),Số lượt góp vốn mua cổ phần,"Giá trị góp vốn, mua cổ phần (triệu USD)",Năm
Bắc Ninh,133.0,149.6,103.0,3500.2,0.0,0.0,2015
TP. Hồ Chí Minh,570.0,2811.7,199.0,512.3,0.0,0.0,2015
Bình Dương,200.0,2465.8,95.0,487.0,0.0,0.0,2015
Trà Vinh,2.0,2526.8,0.0,0.0,0.0,0.0,2015
Đồng Nai,103.0,1471.9,71.0,475.1,0.0,0.0,2015
Hà Nội,352.0,910.7,84.0,177.7,0.0,0.0,2015
Hải Phòng,45.0,573.1,26.0,237.7,0.0,0.0,2015
Bà Rịa - Vũng Tàu,11.0,326.3,13.0,406.1,0.0,0.0,2015
Long An,119.0,308.7,42.0,268.4,0.0,0.0,2015
Tây Ninh,16.0,502.9,5.0,25.3,0.0,0.0,2015
Hải Dương,28.0,269.9,19.0,137.3,0.0,0.0,2015
Bắc Giang,51.0,223.2,22.0,182.9,0.0,0.0,2015
Quảng Ninh,10.0,373.9,4.0,18.4,0.0,0.0,2015
Vĩnh Phúc,34.0,273.2,16.0,104.4,0.0,0.0,2015
Hà Nam,34.0,288.1,15.0,50.4,0.0,0.0,2015
Hưng Yên,34.0,270.1,15.0,59.6,0.0,0.0,2015
Bình Phước,21.0,91.9,11.0,164.4,0.0,0.0,2015
Quảng Nam,18.0,178.9,5.0,77.3,0.0,0.0,2015
Thái Nguyên,23.0,188.9,8.0,22.3,0.0,0.0,2015
Nghệ An,15.0,196.5,2.0,9.8,0.0,0.0,2015
Bến Tre,2.0,157.4,2.0,1.2,0.0,0.0,2015
Hà Tĩnh,9.0,116.0,1.0,41.3,0.0,0.0,2015
Thừa Thiên Huế,7.0,78.1,3.0,61.9,0.0,0.0,2015
Phú Thọ,12.0,87.6,4.0,5.6,0.0,0.0,2015
Tiền Giang,7.0,55.1,5.0,37.0,0.0,0.0,2015
Yên Bái,2.0,78.7,0.0,0.0,0.0,0.0,2015
Nam Định,13.0,67.2,1.0,11.0,0.0,0.0,2015
An Giang,8.0,67.2,1.0,1.6,0.0,0.0,2015
Bình Định,6.0,43.1,4.0,14.3,0.0,0.0,2015
Khánh Hòa,6.0,53.6,2.0,2.1,0.0,0.0,2015
Thái Bình,8.0,49.6,0.0,0.0,0.0,0.0,2015
Đà Nẵng,58.0,52.5,15.0,-8.3,0.0,0.0,2015
Thanh Hóa,7.0,44.0,0.0,0.0,0.0,0.0,2015
Ninh Bình,7.0,37.7,4.0,5.4,0.0,0.0,2015
Phú Yên,4.0,50.0,1.0,-10.0,0.0,0.0,2015
Kiên Giang,2.0,33.0,0.0,0.0,0.0,0.0,2015
Đăk Lăk,3.0,20.8,1.0,10.0,0.0,0.0,2015
Quảng Bình,3.0,12.2,1.0,15.4,0.0,0.0,2015
Bình Thuận,1.0,0.0,4.0,26.5,0.0,0.0,2015
Hậu Giang,0.0,0.0,1.0,25.0,0.0,0.0,2015
Quảng Ngãi,6.0,24.1,0.0,0.0,0.0,0.0,2015
Cần Thơ,5.0,17.9,0.0,0.0,0.0,0.0,2015
Vĩnh Long,4.0,12.8,0.0,0.0,0.0,0.0,2015
Đồng Tháp,1.0,0.2,2.0,10.2,0.0,0.0,2015
Lâm Đồng,5.0,7.6,1.0,1.5,0.0,0.0,2015
Sóc Trăng,1.0,6.0,0.0,0.0,0.0,0.0,2015
Bạc Liêu,0.0,0.0,3.0,5.7,0.0,0.0,2015
Tuyên Quang,0.0,0.0,2.0,5.4,0.0,0.0,2015
Hòa Bình,5.0,3.0,0.0,0.0,0.0,0.0,2015
Ninh Thuận,1.0,0.0,1.0,0.6,0.0,0.0,2015
Bắc Kạn,1.0,0.3,0.0,0.0,0.0,0.0,2015
TP. Hồ Chí Minh,836.0,1006.69,222.0,619.07,1935.0,1802.56,2016
Hải Phòng,52.0,2464.32,38.0,429.24,27.0,96.34,2016
Hà Nội,453.0,1922.76,159.0,504.47,228.0,367.21,2016
Bình Dương,256.0,1630.52,130.0,641.97,25.0,94.72,2016
Đồng Nai,91.0,1043.74,136.0,921.05,55.0,273.44,2016
Bắc Giang,53.0,937.51,20.0,71.06,10.0,1.46,2016
Bắc Ninh,185.0,578.64,130.0,271.49,24.0,49.87,2016
Long An,122.0,296.85,95.0,448.85,32.0,77.21,2016
Hà Nam,31.0,604.33,29.0,100.7,0.0,0.0,2016
Tây Ninh,24.0,273.87,25.0,427.57,0.0,0.0,2016
Phú Yên,2.0,159.22,1.0,95.5,4.0,307.06,2016
Quảng Ninh,10.0,517.74,0.0,0.0,8.0,37.89,2016
Bà Rịa - Vũng Tàu,18.0,259.62,13.0,201.93,15.0,70.18,2016
Hải Dương,29.0,129.59,27.0,242.15,11.0,44.01,2016
Tiền Giang,14.0,388.48,10.0,25.0,3.0,1.05,2016
Hưng Yên,42.0,313.8,33.0,60.18,15.0,18.41,2016
Hà Tĩnh,9.0,244.84,2.0,133.47,3.0,12.95,2016
Vĩnh Phúc,30.0,274.12,18.0,103.31,18.0,11.85,2016
Nam Định,14.0,259.15,12.0,23.22,4.0,21.98,2016
Trà Vinh,7.0,256.5,0.0,0.0,0.0,0.0,2016
Cần Thơ,8.0,225.99,1.0,1.12,3.0,14.0,2016
Thanh Hóa,15.0,163.76,11.0,69.6,1.0,0.04,2016
Phú Thọ,13.0,95.87,17.0,102.31,1.0,0.69,2016
Thái Nguyên,23.0,132.2,15.0,24.69,8.0,7.46,2016
Vĩnh Long,7.0,136.66,3.0,6.3,0.0,0.0,2016
Quảng Nam,18.0,122.89,4.0,14.96,1.0,0.02,2016
Bình Phước,20.0,50.62,18.0,54.59,0.0,0.0,2016
Đà Nẵng,74.0,78.02,11.0,-10.04,33.0,29.29,2016
Ninh Bình,5.0,89.24,2.0,0.94,0.0,0.0,2016
Ninh Thuận,3.0,71.52,3.0,14.1,3.0,2.68,2016
Bình Định,10.0,81.99,1.0,2.61,2.0,0.68,2016
Nghệ An,9.0,72.49,0.0,0.0,0.0,0.0,2016
Hậu Giang,0.0,0.0,2.0,70.0,0.0,0.0,2016
Khánh Hòa,8.0,6.32,4.0,39.2,49.0,22.53,2016
Thái Bình,9.0,32.93,4.0,13.74,4.0,7.36,2016
Tuyên Quang,0.0,0.0,2.0,38.98,3.0,5.68,2016
Quảng Bình,3.0,21.43,0.0,0.0,1.0,21.06,2016
Lâm Đồng,0.0,0.0,6.0,39.49,10.0,1.95,2016
Bến Tre,6.0,29.28,2.0,0.71,2.0,2.36,2016
Dầu khí,1.0,31.5,0.0,0.0,0.0,0.0,2016
Thừa Thiên Huế,9.0,28.39,1.0,0.7,1.0,1.15,2016
Lào Cai,2.0,0.38,2.0,25.94,0.0,0.0,2016
Quảng Ngãi,9.0,96.3,4.0,-74.32,0.0,0.0,2016
Đồng Tháp,3.0,17.9,0.0,0.0,2.0,0.5,2016
Hà Giang,0.0,0.0,0.0,0.0,2.0,11.09,2016
An Giang,1.0,0.02,2.0,3.1,1.0,7.52,2016
Hòa Bình,1.0,3.0,5.0,5.77,0.0,0.0,2016
Lạng Sơn,2.0,7.79,0.0,0.0,0.0,0.0,2016
Bình Thuận,10.0,2.83,2.0,3.62,0.0,0.0,2016
Kon Tum,3.0,5.96,0.0,0.0,0.0,0.0,2016
Sóc Trăng,1.0,5.0,0.0,0.0,0.0,0.0,2016
Kiên Giang,2.0,4.77,0.0,0.0,0.0,0.0,2016
Quảng Trị,1.0,4.0,0.0,0.0,0.0,0.0,2016
Yên Bái,1.0,0.66,1.0,1.0,3.0,1.05,2016
Đăk Lăk,1.0,0.23,0.0,0.0,0.0,0.0,2016
Đăk Nông,0.0,0.0,1.0,-1.3,0.0,0.0,2016
Gia Lai,0.0,0.0,1.0,-2.94,0.0,0.0,2016
TP. Hồ Chí Minh,864.0,2313.95,247.0,1000.11,2788.0,3191.9,2017
Bắc Ninh,184.0,371.71,136.0,2888.34,125.0,144.49,2017
Thanh Hóa,15.0,3159.4,5.0,5.8,7.0,6.51,2017
Bình Dương,189.0,1356.46,132.0,1117.0,392.0,324.71,2017
Khánh Hòa,4.0,2584.86,2.0,13.5,55.0,28.04,2017
Hà Nội,542.0,1111.25,167.0,662.73,637.0,724.97,2017
Nam Định,16.0,2134.3,10.0,92.08,10.0,77.6,2017
Đồng Nai,83.0,1002.38,81.0,307.76,181.0,453.86,2017
Kiên Giang,7.0,1342.3,2.0,28.99,2.0,0.03,2017
Tây Ninh,24.0,722.9,30.0,268.09,28.0,18.26,2017
Hải Phòng,57.0,220.72,41.0,622.75,35.0,41.41,2017
Bắc Giang,69.0,764.9,18.0,18.27,36.0,72.36,2017
Bà Rịa - Vũng Tàu,25.0,204.27,15.0,242.97,34.0,80.24,2017
Hưng Yên,37.0,360.64,44.0,144.16,36.0,16.81,2017
Bình Phước,24.0,369.91,21.0,111.07,22.0,30.8,2017
Long An,97.0,207.81,81.0,136.4,164.0,166.72,2017
Quảng Ngãi,7.0,313.84,2.0,60.75,0.0,0.0,2017
Hải Dương,48.0,247.94,27.0,83.33,37.0,34.88,2017
Ninh Thuận,3.0,265.77,0.0,0.0,4.0,0.35,2017
Hà Nam,18.0,119.11,19.0,104.64,16.0,20.84,2017
Yên Bái,4.0,237.02,0.0,0.0,2.0,1.13,2017
Bến Tre,4.0,168.41,5.0,43.95,13.0,23.8,2017
Ninh Bình,8.0,126.17,4.0,56.1,7.0,51.8,2017
Phú Thọ,15.0,153.49,16.0,73.72,4.0,2.95,2017
Quảng Bình,2.0,56.07,0.0,0.0,8.0,155.85,2017
Vĩnh Phúc,44.0,108.81,7.0,54.1,52.0,40.52,2017
Bình Định,9.0,117.22,4.0,31.7,7.0,1.25,2017
Tiền Giang,6.0,68.62,7.0,67.3,10.0,14.13,2017
Trà Vinh,4.0,144.92,1.0,5.09,7.0,3.46,2017
Đà Nẵng,66.0,115.86,6.0,0.94,111.0,25.77,2017
Quảng Nam,18.0,112.65,4.0,9.5,18.0,12.85,2017
Vĩnh Long,3.0,55.31,5.0,72.41,0.0,0.0,2017
Nghệ An,4.0,123.32,0.0,0.0,2.0,0.16,2017
Thái Nguyên,12.0,13.81,17.0,85.1,18.0,7.01,2017
Thái Bình,11.0,96.26,7.0,4.11,10.0,7.35,2017
Hà Tĩnh,7.0,16.41,2.0,40.55,13.0,41.94,2017
Đồng Tháp,4.0,51.01,2.0,1.65,4.0,23.81,2017
Lâm Đồng,7.0,59.53,4.0,3.83,40.0,9.24,2017
Đăk Lăk,2.0,49.5,1.0,9.0,2.0,1.75,2017
Quảng Ninh,7.0,52.32,3.0,3.73,13.0,3.69,2017
Hòa Bình,4.0,28.62,1.0,10.0,2.0,0.11,2017
Bình Thuận,6.0,12.55,3.0,10.9,9.0,6.93,2017
Cần Thơ,4.0,8.4,1.0,5.62,12.0,12.85,2017
Đăk Nông,1.0,23.48,0.0,0.0,1.0,0.14,2017
Cà Mau,2.0,32.41,1.0,11.43,1.0,0.0,2017
Sóc Trăng,1.0,20.0,0.0,0.0,0.0,0.0,2017
Lào Cai,2.0,8.15,2.0,3.63,3.0,6.57,2017
Sơn La,2.0,13.83,1.0,0.3,1.0,1.01,2017
Cao Bằng,1.0,10.0,1.0,2.1,1.0,0.27,2017
An Giang,1.0,0.2,0.0,0.0,4.0,7.73,2017
Thừa Thiên Huế,5.0,1.62,0.0,0.0,8.0,4.89,2017
Điện Biên,1.0,3.0,0.0,0.0,1.0,2.8,2017
Hà Giang,3.0,4.52,0.0,0.0,2.0,0.45,2017
Quảng Trị,0.0,0.0,1.0,4.0,0.0,0.0,2017
Lạng Sơn,1.0,2.2,0.0,0.0,3.0,1.21,2017
Tuyên Quang,1.0,2.8,0.0,0.0,0.0,0.0,2017
Phú Yên,3.0,1.63,1.0,0.37,2.0,0.64,2017
Kon Tum,1.0,0.45,1.0,0.4,1.0,0.25,2017
Hậu Giang,2.0,0.92,0.0,0.0,1.0,0.03,2017
Hà Nội,622.0,5041.05,167.0,775.13,803.0,1703.13,2018
TP. Hồ Chí Minh,1029.0,784.81,254.0,170.72,3710.0,4993.11,2018
Hải Phòng,111.0,723.84,50.0,1829.64,57.0,540.01,2018
Bình Dương,215.0,1216.58,135.0,548.37,492.0,562.2,2018
Bà Rịa - Vũng Tàu,45.0,1803.51,25.0,148.43,60.0,162.74,2018
Đồng Nai,125.0,988.99,21.0,63.21,211.0,403.37,2018
Thừa Thiên Huế,8.0,27.69,5.0,1140.0,16.0,104.69,2018
Bắc Ninh,173.0,394.69,116.0,677.55,156.0,51.75,2018
Tây Ninh,30.0,453.32,27.0,317.53,43.0,65.97,2018
Long An,86.0,275.1,88.0,220.07,166.0,193.11,2018
Hải Dương,44.0,235.98,28.0,299.18,50.0,61.85,2018
Bắc Giang,67.0,183.78,36.0,318.89,44.0,40.32,2018
Bình Phước,29.0,348.65,20.0,96.98,32.0,35.05,2018
Hưng Yên,29.0,127.54,47.0,277.84,55.0,73.04,2018
Quảng Nam,29.0,322.86,5.0,107.98,24.0,31.1,2018
Thái Nguyên,14.0,387.09,16.0,33.88,22.0,24.51,2018
Hà Nam,42.0,329.87,32.0,91.67,21.0,15.21,2018
Ninh Thuận,8.0,387.53,0.0,0.0,5.0,14.12,2018
Quảng Ninh,7.0,385.74,0.0,0.0,12.0,12.41,2018
Bến Tre,4.0,382.81,5.0,4.31,12.0,16.46,2018
Vĩnh Phúc,59.0,268.45,5.0,87.2,61.0,29.54,2018
Bạc Liêu,1.0,365.76,1.0,1.96,1.0,0.35,2018
Quảng Ngãi,14.0,356.34,1.0,10.0,1.0,0.05,2018
Thanh Hóa,16.0,52.42,2.0,14.3,21.0,297.96,2018
Kiên Giang,4.0,353.59,1.0,0.22,2.0,0.52,2018
Đà Nẵng,102.0,267.96,9.0,1.1,180.0,42.74,2018
Nam Định,15.0,137.48,9.0,34.2,13.0,107.11,2018
Tiền Giang,10.0,103.16,14.0,106.18,9.0,37.62,2018
Hòa Bình,2.0,200.09,2.0,12.0,8.0,3.07,2018
Ninh Bình,12.0,115.08,6.0,51.55,8.0,40.56,2018
Vĩnh Long,11.0,159.0,5.0,11.04,2.0,0.72,2018
Phú Thọ,13.0,96.12,10.0,60.33,14.0,8.89,2018
Bình Định,9.0,142.02,2.0,0.31,11.0,14.91,2018
Trà Vinh,2.0,150.16,0.0,0.0,5.0,0.67,2018
Hà Tĩnh,8.0,98.26,0.0,0.0,13.0,34.5,2018
Khánh Hòa,7.0,8.2,5.0,4.65,43.0,78.05,2018
Sóc Trăng,3.0,89.76,0.0,0.0,0.0,0.0,2018
Thái Bình,6.0,31.31,7.0,10.24,10.0,14.52,2018
Đăk Nông,1.0,48.75,0.0,0.0,0.0,0.0,2018
Cà Mau,2.0,37.14,0.0,0.0,1.0,0.51,2018
Cần Thơ,6.0,4.74,1.0,30.61,14.0,2.1,2018
Quảng Bình,2.0,13.07,2.0,18.5,3.0,0.13,2018
Đăk Lăk,2.0,2.02,1.0,2.47,2.0,25.01,2018
Tuyên Quang,1.0,21.37,1.0,3.63,5.0,1.59,2018
Nghệ An,5.0,24.68,0.0,0.0,3.0,1.0,2018
Bình Thuận,0.0,0.0,1.0,0.41,7.0,18.71,2018
Phú Yên,5.0,13.85,1.0,0.17,3.0,1.62,2018
Lạng Sơn,1.0,0.9,1.0,10.0,6.0,3.0,2018
Kon Tum,1.0,2.0,1.0,9.0,0.0,0.0,2018
Lâm Đồng,2.0,5.4,2.0,0.37,34.0,4.65,2018
Yên Bái,1.0,1.0,0.0,0.0,9.0,7.24,2018
Đồng Tháp,1.0,1.0,0.0,0.0,4.0,6.35,2018
Hậu Giang,1.0,2.9,1.0,3.0,0.0,0.0,2018
An Giang,2.0,0.32,0.0,0.0,4.0,1.89,2018
Sơn La,0.0,0.0,1.0,0.9,2.0,1.2,2018
Lào Cai,0.0,0.0,0.0,0.0,2.0,0.84,2018
Quảng Trị,0.0,0.0,0.0,0.0,1.0,0.71,2018
Hà Giang,2.0,0.44,0.0,0.0,2.0,0.2,2018
Bắc Kạn,0.0,0.0,0.0,0.0,1.0,0.06,2018
Hà Nội,879.0,1382.06,196.0,600.04,1351.0,6472.6,2019
TP. Hồ Chí Minh,1320.0,1841.35,309.0,858.74,5720.0,5595.33,2019
Bình Dương,243.0,1546.59,150.0,951.39,626.0,914.83,2019
Đồng Nai,121.0,1296.7,63.0,-162.86,275.0,1009.55,2019
Bắc Ninh,247.0,833.87,162.0,663.35,263.0,85.38,2019
Hải Phòng,87.0,595.13,55.0,686.48,109.0,101.93,2019
Tây Ninh,35.0,860.2,34.0,329.29,39.0,63.99,2019
Bắc Giang,76.0,787.73,35.0,287.59,54.0,26.74,2019
Bà Rịa - Vũng Tàu,49.0,621.27,26.0,397.14,45.0,66.95,2019
Hà Nam,61.0,720.38,44.0,108.43,30.0,14.35,2019
Long An,146.0,290.91,99.0,246.91,203.0,259.94,2019
Hải Dương,67.0,463.7,16.0,153.34,84.0,66.92,2019
Thái Nguyên,18.0,361.84,19.0,223.89,19.0,20.56,2019
Vĩnh Phúc,60.0,527.75,5.0,8.3,69.0,45.03,2019
Đà Nẵng,131.0,386.38,14.0,3.2,263.0,124.69,2019
Hưng Yên,44.0,468.85,44.0,-53.32,69.0,44.66,2019
Bình Phước,41.0,296.56,25.0,105.3,41.0,47.12,2019
Tiền Giang,4.0,349.77,8.0,37.5,10.0,8.06,2019
Thanh Hóa,25.0,311.03,4.0,24.07,22.0,14.9,2019
Phú Thọ,33.0,142.13,12.0,190.31,15.0,16.0,2019
Thừa Thiên Huế,12.0,293.41,5.0,27.3,19.0,2.56,2019
Nghệ An,11.0,312.58,0.0,0.0,10.0,2.47,2019
Quảng Ninh,16.0,171.0,1.0,13.5,27.0,57.61,2019
Phú Yên,1.0,216.75,1.0,-0.25,2.0,0.06,2019
Khánh Hòa,8.0,109.71,1.0,0.6,128.0,89.17,2019
Quảng Nam,26.0,158.42,10.0,-9.25,34.0,31.52,2019
Bình Thuận,8.0,155.85,2.0,2.1,28.0,22.22,2019
Vĩnh Long,18.0,131.57,3.0,6.7,9.0,12.22,2019
Ninh Bình,7.0,120.01,3.0,23.04,10.0,4.92,2019
Quảng Ngãi,4.0,49.5,5.0,63.4,2.0,21.87,2019
Ninh Thuận,3.0,114.63,0.0,0.0,10.0,15.55,2019
Bạc Liêu,2.0,113.47,0.0,0.0,2.0,0.68,2019
Sóc Trăng,5.0,112.05,0.0,0.0,2.0,0.28,2019
Trà Vinh,4.0,99.47,0.0,0.0,7.0,11.02,2019
Bình Định,6.0,80.56,3.0,-14.49,14.0,24.58,2019
Cà Mau,2.0,79.5,0.0,0.0,2.0,0.71,2019
Hậu Giang,2.0,69.7,0.0,0.0,3.0,1.34,2019
Cần Thơ,7.0,42.73,3.0,0.24,18.0,25.82,2019
Thái Bình,7.0,28.54,5.0,28.27,13.0,9.52,2019
An Giang,2.0,57.92,1.0,1.6,9.0,5.86,2019
Nam Định,9.0,21.77,5.0,5.54,19.0,37.42,2019
Bến Tre,3.0,16.5,2.0,4.0,10.0,39.24,2019
Hà Tĩnh,7.0,14.31,0.0,0.0,22.0,18.33,2019
Lâm Đồng,3.0,9.06,3.0,1.37,69.0,14.06,2019
Kiên Giang,5.0,8.94,1.0,8.67,20.0,3.06,2019
Quảng Trị,1.0,20.0,0.0,0.0,0.0,0.0,2019
Tuyên Quang,6.0,13.9,0.0,0.0,4.0,2.7,2019
Đồng Tháp,2.0,11.51,0.0,0.0,4.0,1.52,2019
Yên Bái,3.0,4.43,1.0,1.11,7.0,1.76,2019
Kon Tum,1.0,0.78,0.0,0.0,2.0,4.85,2019
Bắc Kạn,1.0,4.32,0.0,0.0,1.0,0.06,2019
Đăk Lăk,0.0,0.0,0.0,0.0,2.0,2.56,2019
Lạng Sơn,0.0,0.0,0.0,0.0,4.0,1.39,2019
Điện Biên,0.0,0.0,0.0,0.0,1.0,1.22,2019
Lào Cai,1.0,0.87,0.0,0.0,2.0,0.08,2019
Quảng Bình,0.0,0.0,0.0,0.0,5.0,0.78,2019
Hà Giang,0.0,0.0,0.0,0.0,1.0,0.5,2019
Sơn La,0.0,0.0,0.0,0.0,2.0,0.38,2019
Đăk Nông,0.0,0.0,0.0,0.0,1.0,0.14,2019
Cao Bằng,0.0,0.0,0.0,0.0,2.0,0.07,2019
Lai Châu,0.0,0.0,0.0,0.0,1.0,0.05,2019
Hòa Bình,3.0,17.66,6.0,-20.5,7.0,1.8,2019
TP. Hồ Chí Minh,950.0,637.68,250.0,540.87,3640.0,3177.38,2020
Bạc Liêu,1.0,4000.0,0.0,0.0,0.0,0.0,2020
Hà Nội,496.0,711.81,158.0,1261.91,751.0,1611.82,2020
Bà Rịa - Vũng Tàu,31.0,302.36,8.0,1489.66,37.0,381.78,2020
Bình Dương,133.0,783.9,92.0,317.64,395.0,782.12,2020
Hải Phòng,79.0,1064.13,28.0,376.67,72.0,69.76,2020
Đồng Nai,69.0,405.04,38.0,160.49,142.0,362.83,2020
Bắc Ninh,153.0,429.97,99.0,381.87,162.0,89.35,2020
Bắc Giang,35.0,395.3,55.0,432.49,39.0,66.9,2020
Long An,113.0,326.24,102.0,305.11,132.0,178.94,2020
Hà Nam,33.0,574.26,33.0,145.26,28.0,10.24,2020
Bến Tre,8.0,541.12,2.0,5.62,7.0,21.96,2020
Tây Ninh,15.0,388.16,29.0,121.91,34.0,38.0,2020
Vĩnh Phúc,28.0,497.5,13.0,20.49,32.0,22.72,2020
Hải Dương,32.0,164.42,46.0,322.8,42.0,33.06,2020
Quảng Ninh,16.0,465.99,2.0,14.88,16.0,24.79,2020
Hưng Yên,22.0,241.74,34.0,203.03,40.0,43.01,2020
Thái Nguyên,20.0,373.92,12.0,24.3,16.0,2.54,2020
Bình Phước,48.0,322.38,18.0,26.15,18.0,20.57,2020
Thanh Hóa,14.0,240.3,7.0,100.95,22.0,8.29,2020
Phú Thọ,19.0,221.55,17.0,59.64,10.0,9.56,2020
Quảng Bình,3.0,295.11,1.0,10.97,2.0,0.12,2020
Vĩnh Long,6.0,104.42,9.0,52.52,1.0,82.84,2020
Đà Nẵng,83.0,128.86,20.0,80.06,105.0,8.63,2020
Nghệ An,10.0,164.7,0.0,0.0,6.0,4.75,2020
Tiền Giang,9.0,108.19,11.0,55.28,6.0,3.69,2020
Đăk Nông,4.0,149.62,0.0,0.0,1.0,0.14,2020
Quảng Ngãi,3.0,64.03,7.0,63.3,3.0,4.25,2020
Trà Vinh,3.0,2.79,4.0,31.63,15.0,83.07,2020
Ninh Bình,7.0,29.61,2.0,42.0,5.0,44.13,2020
Bình Thuận,6.0,77.77,3.0,1.19,27.0,21.49,2020
Nam Định,16.0,50.94,8.0,20.22,19.0,26.75,2020
Thái Bình,11.0,82.81,1.0,0.3,9.0,7.78,2020
Khánh Hòa,5.0,30.26,2.0,13.45,116.0,32.86,2020
Sóc Trăng,2.0,70.39,5.0,18.76,1.0,0.52,2020
Bình Định,4.0,10.93,3.0,4.85,15.0,29.21,2020
Cần Thơ,5.0,31.72,1.0,0.47,11.0,11.43,2020
Thừa Thiên Huế,6.0,18.42,0.0,0.0,23.0,23.77,2020
Cà Mau,1.0,40.77,0.0,0.0,1.0,0.04,2020
Hòa Bình,2.0,3.58,3.0,8.86,9.0,11.84,2020
Quảng Trị,0.0,0.0,1.0,10.1,5.0,10.07,2020
Lâm Đồng,3.0,10.0,0.0,0.0,41.0,8.34,2020
Đồng Tháp,0.0,0.0,1.0,1.73,6.0,14.48,2020
Hà Tĩnh,2.0,10.28,0.0,0.0,8.0,5.29,2020
Kiên Giang,1.0,5.0,0.0,0.0,19.0,9.32,2020
Tuyên Quang,1.0,12.0,0.0,0.0,4.0,2.3,2020
Gia Lai,1.0,7.0,1.0,0.43,2.0,0.86,2020
Yên Bái,1.0,2.02,1.0,0.68,10.0,5.58,2020
Lào Cai,1.0,2.26,0.0,0.0,1.0,5.4,2020
An Giang,1.0,1.83,1.0,1.5,1.0,2.36,2020
Hậu Giang,1.0,5.0,0.0,0.0,1.0,0.08,2020
Đăk Lăk,1.0,4.05,0.0,0.0,0.0,0.0,2020
Sơn La,0.0,0.0,0.0,0.0,1.0,0.88,2020
Phú Yên,1.0,0.22,0.0,0.0,3.0,0.2,2020
Kon Tum,0.0,0.0,0.0,0.0,3.0,0.31,2020
Điện Biên,0.0,0.0,0.0,0.0,1.0,0.12,2020
Cao Bằng,0.0,0.0,0.0,0.0,1.0,0.08,2020
Quảng Nam,8.0,34.1,10.0,97.56,15.0,27.36,2020
Ninh Thuận,0.0,0.0,2.0,158.51,9.0,23.22,2020
Hải Phòng,48.0,317.08,65.0,2727.59,35.0,2217.58,2021
Long An,54.0,3518.84,65.0,255.24,43.0,68.89,2021
TP. Hồ Chí Minh,633.0,686.63,178.0,1124.28,2289.0,1927.21,2021
Bình Dương,75.0,629.56,26.0,669.52,202.0,834.05,2021
Bắc Ninh,126.0,1170.51,96.0,320.56,113.0,171.71,2021
Hà Nội,362.0,237.55,146.0,838.77,462.0,448.14,2021
Đồng Nai,51.0,295.44,49.0,466.97,87.0,597.27,2021
Cần Thơ,5.0,1316.82,1.0,9.0,7.0,1.46,2021
Bắc Giang,21.0,621.84,45.0,652.71,40.0,39.6,2021
Quảng Ninh,10.0,1011.55,4.0,113.95,11.0,31.17,2021
Tây Ninh,16.0,247.9,26.0,573.89,8.0,1.69,2021
Vĩnh Phúc,27.0,703.14,8.0,33.21,13.0,7.68,2021
Hưng Yên,28.0,393.8,38.0,272.59,34.0,45.74,2021
Phú Thọ,15.0,434.24,16.0,133.55,7.0,9.6,2021
Thái Bình,6.0,459.85,1.0,1.44,3.0,1.35,2021
Đăk Lăk,8.0,454.88,0.0,0.0,2.0,0.22,2021
Bình Phước,49.0,327.52,32.0,109.37,13.0,13.48,2021
Bà Rịa - Vũng Tàu,21.0,345.08,10.0,10.42,23.0,42.66,2021
Hải Dương,17.0,110.25,43.0,195.05,50.0,26.31,2021
Nghệ An,9.0,283.18,6.0,34.67,3.0,0.66,2021
Hà Nam,20.0,237.25,28.0,68.64,3.0,1.99,2021
Thái Nguyên,15.0,111.34,15.0,104.63,8.0,4.33,2021
Thanh Hóa,11.0,137.44,8.0,42.43,7.0,12.96,2021
Thừa Thiên Huế,3.0,165.56,2.0,16.3,11.0,1.62,2021
Đà Nẵng,40.0,150.0,19.0,10.61,51.0,11.73,2021
Ninh Bình,7.0,83.76,2.0,22.0,11.0,51.08,2021
Hậu Giang,6.0,145.54,2.0,8.0,3.0,0.5,2021
Kon Tum,1.0,152.87,0.0,0.0,1.0,0.53,2021
Nam Định,3.0,3.6,15.0,55.77,7.0,89.71,2021
Tiền Giang,2.0,2.06,4.0,134.4,3.0,1.47,2021
Bình Định,4.0,80.34,3.0,12.4,12.0,21.15,2021
Quảng Trị,2.0,91.76,0.0,0.0,2.0,11.03,2021
Ninh Thuận,1.0,4.0,0.0,0.0,12.0,74.76,2021
Quảng Bình,1.0,54.6,0.0,0.0,3.0,1.48,2021
Yên Bái,7.0,48.5,0.0,0.0,7.0,6.77,2021
Vĩnh Long,6.0,13.74,6.0,33.69,3.0,2.88,2021
Đồng Tháp,4.0,42.76,0.0,0.0,4.0,4.95,2021
Quảng Ngãi,2.0,24.95,2.0,17.06,0.0,0.0,2021
Quảng Nam,7.0,15.21,6.0,13.09,40.0,11.66,2021
Khánh Hòa,1.0,6.75,5.0,25.14,63.0,5.89,2021
Cà Mau,1.0,4.31,1.0,0.88,2.0,30.15,2021
Bình Thuận,2.0,12.35,0.0,0.0,10.0,2.1,2021
Lâm Đồng,1.0,2.0,2.0,3.37,31.0,7.22,2021
Trà Vinh,1.0,0.25,2.0,8.71,4.0,3.09,2021
An Giang,1.0,11.0,0.0,0.0,3.0,0.94,2021
Hà Tĩnh,0.0,0.0,0.0,0.0,13.0,11.75,2021
Lào Cai,1.0,3.93,0.0,0.0,1.0,7.57,2021
Đăk Nông,1.0,7.65,0.0,0.0,0.0,0.0,2021
Kiên Giang,0.0,0.0,0.0,0.0,22.0,6.39,2021
Lạng Sơn,0.0,0.0,0.0,0.0,1.0,6.0,2021
Gia Lai,0.0,0.0,1.0,1.2,1.0,0.41,2021
Phú Yên,1.0,1.11,0.0,0.0,0.0,0.0,2021
Cao Bằng,0.0,0.0,0.0,0.0,1.0,0.86,2021
Lai Châu,0.0,0.0,0.0,0.0,2.0,0.55,2021
Sóc Trăng,0.0,0.0,1.0,0.5,0.0,0.0,2021
Bạc Liêu,1.0,0.0,0.0,0.0,1.0,0.2,2021
Hòa Bình,0.0,0.0,0.0,0.0,2.0,0.12,2021
Tuyên Quang,1.0,2.0,1.0,15.07,1.0,0.37,2021
Bến Tre,3.0,63.13,5.0,91.76,6.0,12.53,2021
TP. Hồ Chí Minh,893.0,601.07,192.0,1600.72,2411.0,1738.61,2022
Bình Dương,68.0,1909.08,26.0,37.11,186.0,1196.48,2022
Quảng Ninh,9.0,2181.17,0.0,0.0,6.0,186.99,2022
Bắc Ninh,147.0,503.09,123.0,1685.63,60.0,55.19,2022
Hải Phòng,91.0,1139.0,41.0,792.74,26.0,31.48,2022
Hà Nội,365.0,233.27,206.0,842.53,387.0,630.03,2022
Thái Nguyên,5.0,323.0,11.0,1212.16,7.0,10.47,2022
Đồng Nai,51.0,485.19,90.0,593.54,66.0,173.37,2022
Bắc Giang,36.0,438.96,45.0,678.16,30.0,97.5,2022
Bà Rịa - Vũng Tàu,17.0,282.13,7.0,50.22,22.0,621.87,2022
Nghệ An,19.0,490.51,2.0,400.0,2.0,0.17,2022
Long An,61.0,468.89,83.0,315.15,58.0,62.34,2022
Hưng Yên,21.0,316.77,58.0,387.35,19.0,41.99,2022
Phú Thọ,8.0,406.87,20.0,288.59,3.0,5.21,2022
Tây Ninh,18.0,537.8,19.0,155.03,7.0,5.49,2022
Hà Nam,19.0,176.86,38.0,350.59,3.0,0.76,2022
Hải Dương,17.0,59.44,33.0,306.01,21.0,5.16,2022
Thái Bình,8.0,219.82,5.0,86.29,2.0,1.75,2022
Hà Tĩnh,1.0,275.0,0.0,0.0,2.0,1.13,2022
Vĩnh Phúc,28.0,225.47,3.0,18.44,4.0,0.61,2022
Bình Phước,33.0,121.03,21.0,93.19,4.0,11.67,2022
Tiền Giang,9.0,40.68,4.0,181.05,1.0,0.04,2022
Thừa Thiên Huế,6.0,197.31,2.0,0.02,2.0,0.17,2022
Cần Thơ,6.0,174.23,2.0,2.34,9.0,9.39,2022
Vĩnh Long,4.0,102.24,12.0,53.59,1.0,0.13,2022
Đà Nẵng,47.0,69.88,35.0,5.79,49.0,58.33,2022
Sóc Trăng,2.0,110.03,1.0,1.8,1.0,4.54,2022
Thanh Hóa,7.0,69.33,5.0,27.4,4.0,0.78,2022
Ninh Thuận,1.0,6.0,0.0,0.0,12.0,81.56,2022
Quảng Ngãi,4.0,73.42,2.0,13.5,1.0,0.0,2022
Quảng Nam,5.0,68.24,3.0,1.7,19.0,9.3,2022
Ninh Bình,5.0,16.51,1.0,2.02,5.0,48.84,2022
Nam Định,7.0,43.02,4.0,2.95,6.0,11.62,2022
Bình Định,2.0,4.32,2.0,15.15,6.0,14.74,2022
Bình Thuận,2.0,16.06,1.0,0.21,5.0,8.51,2022
An Giang,2.0,23.0,1.0,1.5,2.0,0.14,2022
Đăk Lăk,2.0,5.65,2.0,3.94,2.0,1.24,2022
Yên Bái,3.0,6.61,0.0,0.0,6.0,3.1,2022
Khánh Hòa,1.0,0.77,0.0,0.0,55.0,7.92,2022
Kiên Giang,1.0,2.0,0.0,0.0,11.0,2.67,2022
Trà Vinh,1.0,3.0,1.0,0.03,0.0,0.0,2022
Bến Tre,1.0,1.08,1.0,0.45,3.0,2.23,2022
Phú Yên,0.0,0.0,0.0,0.0,2.0,1.83,2022
Lạng Sơn,0.0,0.0,0.0,0.0,1.0,1.72,2022
Hòa Bình,0.0,0.0,0.0,0.0,3.0,1.44,2022
Tuyên Quang,0.0,0.0,0.0,0.0,4.0,0.86,2022
Đăk Nông,0.0,0.0,1.0,0.49,1.0,0.13,2022
Kon Tum,0.0,0.0,0.0,0.0,3.0,0.57,2022
Quảng Trị,0.0,0.0,0.0,0.0,3.0,0.47,2022
Hậu Giang,1.0,0.01,0.0,0.0,3.0,0.28,2022
Cà Mau,0.0,0.0,0.0,0.0,2.0,0.14,2022
Gia Lai,0.0,0.0,0.0,0.0,1.0,0.11,2022
Lâm Đồng,1.0,0.04,3.0,9.38,17.0,3.02,2022
Bạc Liêu,1.0,18.35,1.0,79.3,0.0,0.0,2022
Bắc Ninh,168.49999999999997,554.0099999999999,120.62499999999999,1298.6237499999997,48.533619059777585,80.96749999999999,2023
Bắc Ninh,168.49999999999997,554.0099999999999,120.62499999999999,1298.6237499999997,39.258536317326765,80.96749999999999,2024
Bắc Ninh,168.49999999999997,554.0099999999999,120.62499999999999,1298.6237499999997,31.75598077449301,80.96749999999999,2025
TP. Hồ Chí Minh,886.8749999999999,847.8604199221843,215.86545422588568,803.3512499999997,2061.079810459446,2490.4072436062456,2023
TP. Hồ Chí Minh,886.8749999999999,774.0230250112375,229.0238199795193,803.3512499999997,1761.9452447463898,3430.062713048437,2024
TP. Hồ Chí Minh,886.8749999999999,966.7256005258889,229.0238199795193,803.3512499999997,1506.2255375702243,3820.470510005148,2025
Bình Dương,102.36470097360677,1442.3112499999997,74.64863807861137,596.2499999999998,151.2498822483219,1144.8939502123787,2023
Bình Dương,124.01918816046255,1442.3112499999997,126.98193457840472,596.2499999999998,122.99208000070561,1095.5320249673248,2024
Bình Dương,137.66449284930138,1442.3112499999997,147.2928910489171,596.2499999999998,100.01364310528447,1048.2983314798466,2025
Trà Vinh,2.9999999999999996,0.0,0.9999999999999998,5.682499999999999,0.0,0.0,2023
Trà Vinh,2.9999999999999996,0.0,0.9999999999999998,5.682499999999999,0.0,0.0,2024
Trà Vinh,2.9999999999999996,0.0,0.9999999999999998,5.682499999999999,0.0,0.0,2025
Đồng Nai,84.05972840522448,873.6724999999997,68.62499999999999,353.15749999999997,53.876735593632404,409.2112499999999,2023
Đồng Nai,107.52550732062039,873.6724999999997,68.62499999999999,353.15749999999997,43.98034300342692,409.2112499999999,2024
Đồng Nai,105.23861564290533,873.6724999999997,68.62499999999999,353.15749999999997,35.90177744413474,409.2112499999999,2025
Hà Nội,508.8749999999999,1443.8062499999996,160.37499999999997,707.9099999999999,313.1308941220298,1494.7374999999997,2023
Hà Nội,508.8749999999999,1443.8062499999996,160.37499999999997,707.9099999999999,253.3616456166973,1494.7374999999997,2024
Hà Nội,508.8749999999999,1443.8062499999996,160.37499999999997,707.9099999999999,205.0009266878173,1494.7374999999997,2025
Hải Phòng,71.24999999999999,887.165,42.99999999999999,962.8512499999997,20.661966798138412,387.3137499999999,2023
Hải Phòng,71.24999999999999,887.165,42.99999999999999,962.8512499999997,16.41987969105285,387.3137499999999,2024
Hải Phòng,71.24999999999999,887.165,42.99999999999999,962.8512499999997,13.048731115613892,387.3137499999999,2025
Bà Rịa - Vũng Tàu,22.34905384504889,518.0674999999999,14.624999999999996,368.35874999999993,18.749722966264695,178.30249999999995,2023
Bà Rịa - Vũng Tàu,33.02913512440847,518.0674999999999,14.624999999999996,368.35874999999993,15.979641423257897,178.30249999999995,2024
Bà Rịa - Vũng Tàu,40.13885843409135,518.0674999999999,14.624999999999996,368.35874999999993,13.618811353924238,178.30249999999995,2025
Long An,85.79062181681653,711.6674999999998,81.87499999999999,274.51624999999996,46.24097124621751,51.853650595791706,2023
Long An,99.44078460299765,711.6674999999998,81.87499999999999,274.51624999999996,36.86599003092267,43.13123323885867,2024
Long An,99.44078460299765,711.6674999999998,81.87499999999999,274.51624999999996,29.391710085917868,35.876033014651505,2025
Tây Ninh,22.249999999999996,498.3812499999999,24.374999999999996,412.1249601031228,5.402448714797908,3.8674033800555234,2023
Tây Ninh,22.249999999999996,498.3812499999999,24.374999999999996,209.0983186891021,4.169493159431652,2.724373206569196,2024
Tây Ninh,22.249999999999996,498.3812499999999,24.374999999999996,369.4227820801537,3.2179247086471707,1.9191712472893283,2025
Hải Dương,35.24999999999999,210.15249999999997,29.874999999999996,186.27294534514758,16.434692207107044,3.9387389211995107,2023
Hải Dương,35.24999999999999,210.15249999999997,29.874999999999996,284.7168194213949,12.861862282968811,3.006524087087574,2024
Hải Dương,35.24999999999999,210.15249999999997,29.874999999999996,184.09678933032913,10.065749896704359,2.294944464987529,2025
Bắc Giang,47.40660064309637,615.1500447188564,40.95113910911332,638.4924892257583,26.9469551677252,43.10999999999999,2023
Bắc Giang,50.81023802017264,528.9455611400823,38.42102564601113,601.1452441867776,24.204613093713064,43.10999999999999,2024
Bắc Giang,50.81023802017264,571.1050952834134,36.83997005810994,565.9825459287513,21.74135412961401,43.10999999999999,2025
Quảng Ninh,10.624999999999998,1976.6167821463746,2.842931936119664,20.557499999999997,11.624999999999996,44.318749999999994,2023
Quảng Ninh,10.624999999999998,1791.2468553403396,0.9941787111143419,20.557499999999997,11.624999999999996,44.318749999999994,2024
Quảng Ninh,10.624999999999998,1623.2611833248368,2.1964194132370514,20.557499999999997,11.624999999999996,44.318749999999994,2025
Vĩnh Phúc,32.94342113358674,359.8049999999999,9.374999999999998,53.68124999999999,17.63781270669771,0.44507307426012355,2023
Vĩnh Phúc,38.169044895184996,359.8049999999999,9.374999999999998,53.68124999999999,38.46428939592029,0.32473777283829075,2024
Vĩnh Phúc,38.169044895184996,359.8049999999999,9.374999999999998,53.68124999999999,49.795558014302685,0.23693776866479285,2025
Hà Nam,32.24999999999999,381.27,29.749999999999996,127.54124999999998,2.1691608469219448,0.4935618823258414,2023
Hà Nam,32.24999999999999,381.27,29.749999999999996,127.54124999999998,1.568419593273043,0.3205306995855628,2024
Hà Nam,32.24999999999999,381.27,29.749999999999996,127.54124999999998,1.1340514577577088,0.20816017819824892,2025
Hưng Yên,32.12499999999999,311.6216888594763,39.12499999999999,168.92874999999995,16.092320259993397,35.457499999999996,2023
Hưng Yên,32.12499999999999,315.09967339272714,39.12499999999999,168.92874999999995,13.629619544747047,35.457499999999996,2024
Hưng Yên,32.12499999999999,312.75009193128085,39.12499999999999,168.92874999999995,11.543800143996572,35.457499999999996,2025
Bình Phước,20.53927027860575,241.07124999999996,20.749999999999996,90.3921669206218,3.016116059125807,8.767033278353786,2023
Bình Phước,14.908563763687198,241.07124999999996,20.749999999999996,92.18718999187138,2.2742390205291474,6.586193016603491,2024
Bình Phước,18.932363464316136,241.07124999999996,20.749999999999996,91.0355459391696,1.7148422080271268,4.947846902675589,2025
Quảng Nam,9.783392013777695,126.65875,3.8268082515746387,104.8888852727085,18.874999999999996,14.086207357285975,2023
Quảng Nam,12.305166215691084,126.65875,5.702493751231866,-6.13916471920102,18.874999999999996,21.016561192669876,2024
Quảng Nam,13.634629723410914,126.65875,5.702493751231866,51.974332136216645,18.874999999999996,24.204936427690495,2025
Thái Nguyên,16.249999999999996,236.51249999999996,14.124999999999998,216.36874999999998,10.115652288160895,9.609999999999998,2023
Thái Nguyên,16.249999999999996,236.51249999999996,14.124999999999998,216.36874999999998,14.686160546597174,9.609999999999998,2024
Thái Nguyên,16.249999999999996,236.51249999999996,14.124999999999998,216.36874999999998,17.356000101446774,9.609999999999998,2025
Nghệ An,10.249999999999998,208.49499999999995,1.2499999999999998,0.0,1.3719629749977307,0.08918171918947974,2023
Nghệ An,10.249999999999998,208.49499999999995,1.2499999999999998,0.0,0.9411412023823119,0.046784582574065994,2024
Nghệ An,10.249999999999998,208.49499999999995,1.2499999999999998,0.0,0.645605441956689,0.024543114738337535,2025
Bến Tre,3.874999999999999,169.96624999999995,2.9999999999999996,18.999999999999996,2.362048773400557,1.510447015282066,2023
Bến Tre,3.874999999999999,169.96624999999995,2.9999999999999996,18.999999999999996,1.8597581359743587,1.023071832275561,2024
Bến Tre,3.874999999999999,169.96624999999995,2.9999999999999996,18.999999999999996,1.4642798079666468,0.692957755820527,2025
Hà Tĩnh,0.9373524046826459,96.88749999999997,0.0,2.434382671953672,9.249999999999998,0.7928533271067776,2023
Hà Tĩnh,0.8786295305643388,96.88749999999997,0.0,0.0,9.249999999999998,0.5562976976144132,2024
Hà Tĩnh,0.8235855032996673,96.88749999999997,0.0,0.0,9.249999999999998,0.390320779128697,2025
Thừa Thiên Huế,6.999999999999998,101.31249999999999,2.2499999999999996,0.0,0.495546429641208,0.0,2023
Thừa Thiên Huế,6.999999999999998,101.31249999999999,2.2499999999999996,0.0,5.750379323637089,0.0,2024
Thừa Thiên Huế,6.999999999999998,101.31249999999999,2.2499999999999996,0.0,12.664598474902593,0.0,2025
Phú Thọ,15.999999999999996,383.7632106021666,13.999999999999998,114.25624999999997,2.4037719244131868,4.181053936848245,2023
Phú Thọ,15.999999999999996,361.9686922399855,13.999999999999998,114.25624999999997,5.396912431132895,3.355319006302151,2024
Phú Thọ,15.999999999999996,341.4119189703945,13.999999999999998,114.25624999999997,9.580123226652312,2.6926621383265545,2025
Tiền Giang,3.2833517899571847,139.50749999999996,7.874999999999998,137.10569572932064,0.7987803543515924,0.01867732360730056,2023
Tiền Giang,9.772818086461386,139.50749999999996,7.874999999999998,84.17627353022908,0.6380500544980556,0.008721060428295662,2024
Tiền Giang,3.8749684677622835,139.50749999999996,7.874999999999998,84.17627353022908,0.5096618486260097,0.004072151695452529,2025
Yên Bái,2.749999999999999,47.36749999999999,0.3749999999935891,0.34874999892457054,5.499999999999999,3.328749999999999,2023
Yên Bái,2.749999999999999,47.36749999999999,0.3749999999935891,0.34874999892457054,5.499999999999999,3.328749999999999,2024
Yên Bái,2.749999999999999,47.36749999999999,0.3749999999935891,0.34874999892457054,5.499999999999999,3.328749999999999,2025
Nam Định,11.624999999999998,0.0,7.999999999999998,30.62249999999999,4.969399223935049,46.523749999999986,2023
Nam Định,11.624999999999998,0.0,7.999999999999998,30.62249999999999,4.115821441141045,46.523749999999986,2024
Nam Định,11.624999999999998,0.0,7.999999999999998,30.62249999999999,3.4088599792435907,46.523749999999986,2025
An Giang,2.2499999999999996,20.186249999999994,0.7499999983440795,1.1624999999999999,2.9999999999999996,3.3049999999999997,2023
An Giang,2.2499999999999996,20.186249999999994,0.7499999983440795,1.1624999999999999,2.9999999999999996,3.3049999999999997,2024
An Giang,2.2499999999999996,20.186249999999994,0.7499999983440795,1.1624999999999999,2.9999999999999996,3.3049999999999997,2025
Bình Định,3.104125769390852,70.06,3.32406101706571,8.353749999999998,1.2761795546021664,9.065648643876244,2023
Bình Định,3.856520494250479,70.06,2.190431069987776,8.353749999999998,-0.6712642427392619,6.5019737947580305,2024
Bình Định,4.369231851679361,70.06,3.161013324998079,8.353749999999998,1.0161932792964241,7.3406497430944295,2025
Khánh Hòa,4.999999999999999,0.0,4.705480436144154,12.329999999999998,63.624999999999986,5.668914422602675,2023
Khánh Hòa,4.999999999999999,0.0,2.3567263700480012,12.329999999999998,63.624999999999986,4.057650344797048,2024
Khánh Hòa,4.999999999999999,0.0,2.2440751296022334,12.329999999999998,63.624999999999986,2.9043525961488257,2025
Thái Bình,8.249999999999998,125.13999999999997,7.857992895346977,18.04875,1.6285665576537103,1.3050308437364468,2023
Thái Bình,8.249999999999998,125.13999999999997,6.513128210746009,18.04875,1.3261145163540278,0.97320314463055,2024
Thái Bình,8.249999999999998,125.13999999999997,2.6481028319591537,18.04875,1.079832876476647,0.7257486405509543,2025
Đà Nẵng,75.12499999999999,156.18249999999995,30.31812099740702,0.0,36.93521874038835,37.647499999999994,2023
Đà Nẵng,75.12499999999999,156.18249999999995,27.040882388995918,0.0,27.841028232659895,37.647499999999994,2024
Đà Nẵng,75.12499999999999,156.18249999999995,24.746869047234618,0.0,20.986009545522876,37.647499999999994,2025
Thanh Hóa,13.749999999999996,0.0,5.249999999999999,35.56874999999999,3.1117851015316558,0.0,2023
Thanh Hóa,13.749999999999996,0.0,5.249999999999999,35.56874999999999,2.420801629528594,0.0,2024
Thanh Hóa,13.749999999999996,0.0,5.249999999999999,35.56874999999999,1.8832536111326585,0.0,2025
Ninh Bình,7.249999999999998,77.25999999999999,2.999999999999999,25.381249999999998,5.749999999999999,30.16624999999999,2023
Ninh Bình,7.249999999999998,77.25999999999999,2.999999999999999,25.381249999999998,5.749999999999999,30.16624999999999,2024
Ninh Bình,7.249999999999998,77.25999999999999,2.999999999999999,25.381249999999998,5.749999999999999,30.16624999999999,2025
Phú Yên,2.1249999999999996,55.3475,0.0,0.0,2.1462396062831877,0.0,2023
Phú Yên,2.1249999999999996,55.3475,0.0,0.0,2.0681387837965275,0.0,2024
Phú Yên,2.1249999999999996,55.3475,0.0,0.0,2.109849361581323,0.0,2025
Kiên Giang,2.7499999999999996,0.0,0.0,0.0,8.553975483032296,1.867813342169003,2023
Kiên Giang,2.7499999999999996,0.0,0.0,0.0,6.651863324028874,1.3066392064361578,2024
Kiên Giang,2.7499999999999996,0.0,0.0,0.0,5.172715980929518,0.9140667202930989,2025
Đăk Lăk,2.3749999999999996,0.0,0.6249999977978343,3.176249999999999,1.249999999992728,0.0,2023
Đăk Lăk,2.3749999999999996,0.0,0.6249999977978343,3.176249999999999,1.249999999992728,0.0,2024
Đăk Lăk,2.3749999999999996,0.0,0.6249999977978343,3.176249999999999,1.249999999992728,0.0,2025
Quảng Bình,1.7499999999999996,56.55999999999999,0.49999999815329965,8.25076165623944,2.7499999999999996,0.0,2023
Quảng Bình,1.7499999999999996,56.55999999999999,0.49999999815329965,3.9228603448257875,2.7499999999999996,0.0,2024
Quảng Bình,1.7499999999999996,56.55999999999999,0.49999999815329965,6.193042243386795,2.7499999999999996,0.0,2025
Bình Thuận,4.374999999999999,34.676249999999996,1.9999999999999996,5.616249999999998,3.4679792232525157,6.13410521843457,2023
Bình Thuận,4.374999999999999,34.676249999999996,1.9999999999999996,5.616249999999998,2.4053759785822244,4.421533117605902,2024
Bình Thuận,4.374999999999999,34.676249999999996,1.9999999999999996,5.616249999999998,1.6683587835667686,3.1870915828657624,2025
Hậu Giang,1.6249999999999996,28.008749999999992,0.7499999986936863,13.249999999999996,2.7105704723962134,0.278749998962587,2023
Hậu Giang,1.6249999999999996,28.008749999999992,0.7499999986936863,13.249999999999996,2.625873900107672,0.278749998962587,2024
Hậu Giang,1.6249999999999996,28.008749999999992,0.7499999986936863,13.249999999999996,2.4242791004035387,0.278749998962587,2025
Quảng Ngãi,6.124999999999998,46.02026510482182,2.874999999999999,0.0,0.8749999999999998,0.0,2023
Quảng Ngãi,6.124999999999998,28.84588395965787,2.874999999999999,0.0,0.8749999999999998,0.0,2024
Quảng Ngãi,6.124999999999998,18.080839376278703,2.874999999999999,0.0,0.8749999999999998,0.0,2025
Cần Thơ,5.6480858473190345,227.81624999999997,1.2499999971576627,6.174999999999999,7.6998991178771234,9.631249999999998,2023
Cần Thơ,5.808512817584436,227.81624999999997,1.2499999971576627,6.174999999999999,6.587605158387212,9.631249999999998,2024
Cần Thơ,5.73536596876006,227.81624999999997,1.2499999971576627,6.174999999999999,5.635988349776498,9.631249999999998,2025
Vĩnh Long,7.374999999999998,89.46749999999999,7.604317448160641,29.531249999999993,1.9999999999999996,0.0,2023
Vĩnh Long,7.374999999999998,89.46749999999999,9.75132263909461,29.531249999999993,1.9999999999999996,0.0,2024
Vĩnh Long,7.374999999999998,89.46749999999999,7.821137821799143,29.531249999999993,1.9999999999999996,0.0,2025
Đồng Tháp,3.1153918646600505,15.547499999999996,0.6249999999531094,0.0,0.0,6.451249999999998,2023
Đồng Tháp,1.3996264578277193,15.547499999999996,0.6249999999531094,0.0,0.0,6.451249999999998,2024
Đồng Tháp,2.3445640641290524,15.547499999999996,0.6249999999531094,0.0,0.0,6.451249999999998,2025
Lâm Đồng,3.668817690394013,11.70375,2.6249999999999996,7.4137499999999985,13.190274173426513,6.059999999999998,2023
Lâm Đồng,2.2104474150177715,11.70375,2.6249999999999996,7.4137499999999985,10.234313692362498,6.059999999999998,2024
Lâm Đồng,3.007371036948266,11.70375,2.6249999999999996,7.4137499999999985,7.9407884458302584,6.059999999999998,2025
Sóc Trăng,1.8749999999999996,51.65374999999999,0.8749999999999999,0.0,0.49999999815329105,0.0,2023
Sóc Trăng,1.8749999999999996,51.65374999999999,0.8749999999999999,0.0,0.49999999815329105,0.0,2024
Sóc Trăng,1.8749999999999996,51.65374999999999,0.8749999999999999,0.0,0.49999999815329105,0.0,2025
Bạc Liêu,0.7622684862340412,0.0,0.6249999957851515,0.0,0.49999999815329965,0.15374999997185776,2023
Bạc Liêu,0.5810532451055367,0.0,0.6249999957851515,0.0,0.49999999815329965,0.15374999997185776,2024
Bạc Liêu,0.44291857756797476,0.0,0.6249999957851515,0.0,0.49999999815329965,0.15374999997185776,2025
Tuyên Quang,1.2499999999999998,0.0,0.7499999983130129,7.884999999999998,2.6249999999999996,3.5633372861648764,2023
Tuyên Quang,1.2499999999999998,0.0,0.7499999983130129,7.884999999999998,2.6249999999999996,1.0676387319941263,2024
Tuyên Quang,1.2499999999999998,0.0,0.7499999983130129,7.884999999999998,2.6249999999999996,1.1863254395367355,2025
Hòa Bình,3.3870365860428146e-17,0.0,2.1249999999999996,0.0,2.1300173112861374,2.2975,2023
Hòa Bình,1.6530765026102865e-16,0.0,2.1249999999999996,0.0,1.5123245821262086,2.2975,2024
Hòa Bình,4.964348803033178e-17,0.0,2.1249999999999996,0.0,1.0737591800707993,2.2975,2025
Ninh Thuận,2.4999999999999996,3.7717885227862906,0.7499999999999998,0.0,11.435093042718531,74.78948238216269,2023
Ninh Thuận,2.4999999999999996,2.3710647767703983,0.7499999999999998,0.0,10.896779407969145,68.5810038620871,2024
Ninh Thuận,2.4999999999999996,1.4905258186342378,0.7499999999999998,0.0,10.383807199675543,62.88790804431823,2025
Bắc Kạn,0.24999999967535586,0.0,0.0,0.0,7.65267987583472e-50,0.0,2023
Bắc Kạn,0.24999999967535586,0.0,0.0,0.0,3.4236265881397945e-50,0.0,2024
Bắc Kạn,0.24999999967535586,0.0,0.0,0.0,1.531648939351358e-50,0.0,2025
Lào Cai,-0.2819560953587078,1.9487499999999995,0.0,0.0,0.0,2.557499999999999,2023
Lào Cai,0.0,1.9487499999999995,0.0,0.0,0.0,2.557499999999999,2024
Lào Cai,0.0,1.9487499999999995,0.0,0.0,0.0,2.557499999999999,2025
Hà Giang,-0.09199405239580645,0.0,0.0,0.0,0.0,0.0,2023
Lạng Sơn,0.0,1.3612499999999998,0.0,0.0,0.624473286826275,1.6649999999999996,2023
Lạng Sơn,0.0,1.3612499999999998,0.0,0.0,0.38996688595961115,1.6649999999999996,2024
Lạng Sơn,0.0,1.3612499999999998,0.0,0.0,0.24352390302860552,1.6649999999999996,2025
Kon Tum,0.8749999979572123,0.0,0.0,0.0,1.2499999999999996,0.0,2023
Kon Tum,0.8749999979572123,0.0,0.0,0.0,1.2499999999999996,0.0,2024
Kon Tum,0.8749999979572123,0.0,0.0,0.0,1.2499999999999996,0.0,2025
Quảng Trị,0.873911232257575,0.0,0.24999999967535586,0.0,1.3749999999999996,0.2187902375193439,2023
Quảng Trị,0.3615133967401505,0.0,0.24999999967535586,0.0,1.3749999999999996,0.10184929368887435,2024
Quảng Trị,0.6619461319559369,0.0,0.24999999967535586,0.0,1.3749999999999996,0.047411981185885625,2025
Đăk Nông,0.8749999999999998,28.687499999999996,0.24999999967535586,0.0,0.4999999995175494,0.06874999996545673,2023
Đăk Nông,0.8749999999999998,28.687499999999996,0.24999999967535586,0.0,0.4999999995175494,0.06874999996545673,2024
Đăk Nông,0.8749999999999998,28.687499999999996,0.24999999967535586,0.0,0.4999999995175494,0.06874999996545673,2025
Gia Lai,0.0,0.0,0.3749999999935891,0.0,0.5237073594244562,0.17249999999999993,2023
Gia Lai,0.0,0.0,0.3749999999935891,0.0,0.2742693983153366,0.17249999999999993,2024
Gia Lai,0.0,0.0,0.3749999999935891,0.0,0.14363690236265933,0.17249999999999993,2025
Cà Mau,-7.936639436975214e-17,0.0,0.24999999967535586,0.0,1.1249999973161902,0.0,2023
Cà Mau,-5.673656927968827e-17,0.0,0.24999999967535586,0.0,1.1249999973161902,0.0,2024
Cà Mau,-4.055921047177741e-17,0.0,0.24999999967535586,0.0,1.1249999973161902,0.0,2025
Cao Bằng,0.0,0.0,0.0,0.0,0.6249999974442165,0.15999999937250725,2023
Cao Bằng,0.0,0.0,0.0,0.0,0.6249999974442165,0.15999999937250725,2024
Cao Bằng,0.0,0.0,0.0,0.0,0.6249999974442165,0.15999999937250725,2025
Điện Biên,0.0,0.0,0.0,0.0,0.3749999999935891,0.5175,2023
Điện Biên,0.0,0.0,0.0,0.0,0.3749999999935891,0.5175,2024
Điện Biên,0.0,0.0,0.0,0.0,0.3749999999935891,0.5175,2025
Lai Châu,0.0,0.0,0.0,0.0,0.3749999979867539,0.0,2023
Lai Châu,0.0,0.0,0.0,0.0,0.3749999979867539,0.0,2024
Lai Châu,0.0,0.0,0.0,0.0,0.3749999979867539,0.0,2025
